{
  "$schema": "http://json.schemastore.org/sarif-1.0.0",
  "version": "1.0.0",
  "runs": [
    {
      "tool": {
        "name": "Microsoft (R) Visual C# Compiler",
        "version": "3.7.0.0",
        "fileVersion": "3.7.0-6.20570.4 (dc3f4eef)",
        "semanticVersion": "3.7.0",
        "language": "en-US"
      },
      "results": [
        {
          "ruleId": "CA1034",
          "level": "error",
          "message": "Do not nest type Options. Alternatively, change its accessibility so that it is not externally visible.",
          "suppressionStates": [
            "suppressedInSource"
          ],
          "locations": [
            {
              "resultFile": {
                "uri": "file:///C:/or-bld-ag-72305c1f-we/_work/1/s/src/Setup/PackagesMigration.Console/CloudUploader.cs",
                "region": {
                  "startLine": 71,
                  "startColumn": 22,
                  "endLine": 71,
                  "endColumn": 29
                }
              }
            }
          ]
        },
        {
          "ruleId": "CA1034",
          "level": "error",
          "message": "Do not nest type Options. Alternatively, change its accessibility so that it is not externally visible.",
          "suppressionStates": [
            "suppressedInSource"
          ],
          "locations": [
            {
              "resultFile": {
                "uri": "file:///C:/or-bld-ag-72305c1f-we/_work/1/s/src/Setup/PackagesMigration.Console/CloudFetcher.cs",
                "region": {
                  "startLine": 85,
                  "startColumn": 22,
                  "endLine": 85,
                  "endColumn": 29
                }
              }
            }
          ]
        },
        {
          "ruleId": "S1481",
          "level": "warning",
          "message": "Remove the unused local variable 'rootPath'.",
          "locations": [
            {
              "resultFile": {
                "uri": "file:///C:/or-bld-ag-72305c1f-we/_work/1/s/src/Setup/PackagesMigration.Console/ConsoleMigrationExtensions.cs",
                "region": {
                  "startLine": 16,
                  "startColumn": 17,
                  "endLine": 16,
                  "endColumn": 25
                }
              }
            }
          ],
          "properties": {
            "warningLevel": 1
          }
        },
        {
          "ruleId": "S1075",
          "level": "warning",
          "message": "Remove this hardcoded path-delimiter.",
          "locations": [
            {
              "resultFile": {
                "uri": "file:///C:/or-bld-ag-72305c1f-we/_work/1/s/src/Setup/PackagesMigration.Console/CloudFetcher.cs",
                "region": {
                  "startLine": 89,
                  "startColumn": 137,
                  "endLine": 89,
                  "endColumn": 140
                }
              }
            }
          ],
          "properties": {
            "warningLevel": 1
          }
        },
        {
          "ruleId": "S1075",
          "level": "warning",
          "message": "Remove this hardcoded path-delimiter.",
          "locations": [
            {
              "resultFile": {
                "uri": "file:///C:/or-bld-ag-72305c1f-we/_work/1/s/src/Setup/PackagesMigration.Console/CloudFetcher.cs",
                "region": {
                  "startLine": 90,
                  "startColumn": 137,
                  "endLine": 90,
                  "endColumn": 140
                }
              }
            }
          ],
          "properties": {
            "warningLevel": 1
          }
        },
        {
          "ruleId": "CA1303",
          "level": "note",
          "message": "Method 'void CloudUploader.WebDeploy(string sourcePath, string rootPath, StorageLocation location)' passes a literal string as parameter 'message' of a call to 'NotSupportedException.NotSupportedException(string message)'. Retrieve the following string(s) from a resource table instead: \"Absolute paths are not supported.\".",
          "locations": [
            {
              "resultFile": {
                "uri": "file:///C:/or-bld-ag-72305c1f-we/_work/1/s/src/Setup/PackagesMigration.Console/CloudUploader.cs",
                "region": {
                  "startLine": 48,
                  "startColumn": 49,
                  "endLine": 48,
                  "endColumn": 84
                }
              }
            }
          ],
          "properties": {
            "warningLevel": 1
          }
        }
      ],
      "rules": {
        "CA1034": {
          "id": "CA1034",
          "shortDescription": "Nested types should not be visible",
          "fullDescription": "A nested type is a type that is declared in the scope of another type. Nested types are useful to encapsulate private implementation details of the containing type. Used for this purpose, nested types should not be externally visible.",
          "defaultLevel": "warning",
          "helpUri": "https://docs.microsoft.com/visualstudio/code-quality/ca1034",
          "properties": {
            "category": "Design",
            "isEnabledByDefault": true,
            "tags": [
              "PortedFromFxCop",
              "Telemetry"
            ]
          }
        },
        "CA1303": {
          "id": "CA1303",
          "shortDescription": "Do not pass literals as localized parameters",
          "fullDescription": "A method passes a string literal as a parameter to a constructor or method in the .NET Framework class library and that string should be localizable. To fix a violation of this rule, replace the string literal with a string retrieved through an instance of the ResourceManager class.",
          "defaultLevel": "warning",
          "helpUri": "https://docs.microsoft.com/visualstudio/code-quality/ca1303",
          "properties": {
            "category": "Globalization",
            "isEnabledByDefault": true,
            "tags": [
              "PortedFromFxCop",
              "Dataflow",
              "Telemetry"
            ]
          }
        },
        "S1075": {
          "id": "S1075",
          "shortDescription": "URIs should not be hardcoded",
          "fullDescription": "Hardcoding a URI makes it difficult to test a program: path literals are not always portable across operating systems, a given absolute path may not exist on a specific test environment, a specified Internet URL may not be available when executing the tests, production environment filesystems usually differ from the development environment, ...etc. For all those reasons, a URI should never be hardcoded. Instead, it should be replaced by customizable parameter.",
          "defaultLevel": "warning",
          "helpUri": "https://rules.sonarsource.com/csharp/RSPEC-1075",
          "properties": {
            "category": "Minor Code Smell",
            "isEnabledByDefault": true,
            "tags": [
              "C#",
              "SonarWay",
              "MainSourceScope"
            ]
          }
        },
        "S1481": {
          "id": "S1481",
          "shortDescription": "Unused local variables should be removed",
          "fullDescription": "If a local variable is declared but not used, it is dead code and should be removed. Doing so will improve maintainability because developers will not wonder what the variable is used for.",
          "defaultLevel": "warning",
          "helpUri": "https://rules.sonarsource.com/csharp/RSPEC-1481",
          "properties": {
            "category": "Minor Code Smell",
            "isEnabledByDefault": true,
            "tags": [
              "C#",
              "SonarWay",
              "MainSourceScope",
              "TestSourceScope"
            ]
          }
        }
      }
    }
  ]
}